titulo,texto,categoria
SASS: variáveis e mixins no CSS,"O SASS (Syntactically Awesome Style Sheets) adiciona variaveis, mixins e aninhamento ao CSS, permitindo escrever estilos mais organizados e reutilizaveis em projetos de grande escala.",Frontend
Princípios de APIs REST,"APIs REST seguem os principios de statelessness, cacheabilidade e uniformidade de interface, utilizando metodos HTTP como GET, POST, PUT e DELETE para operacoes CRUD.",Backend
Rede overlay no Kubernetes,A configuracao de rede overlay no Kubernetes com CNI plugins como Calico ou Flannel permite que pods em diferentes nos se comuniquem como se estivessem na mesma rede local.,DevOps
Classificação de texto com bag-of-words,"A classificacao de textos com bag-of-words e uma abordagem classica onde cada documento e representado pela frequencia de seus termos ignorando a ordem, combinada com modelos como Naive Bayes ou SVM.",Dados
Gerenciamento de segredos com Vault,"O Vault da HashiCorp gerencia segredos como chaves de API, senhas e certificados, com rotacao automatica, auditoria de acesso e integracao com Kubernetes para injecao segura em pods.",DevOps
Arquitetura de microsserviços,"Microsservicos sao uma abordagem arquitetural onde o sistema e dividido em servicos pequenos, independentes e cada um com seu proprio banco de dados, comunicando-se via HTTP ou mensageria assincrona.",Backend
Melhorias de performance com HTTP/2,"O protocolo HTTP/2 melhora a performance de APIs com multiplexacao de requisicoes em uma unica conexao TCP, compressao de headers e server push, reduzindo a latencia em aplicacoes web.",Backend
Hibernate como ORM em Java,"Hibernate e o ORM mais utilizado no ecossistema Java, mapeando classes para tabelas relacionais e gerenciando automaticamente o ciclo de vida das entidades com Lazy Loading e cache de primeiro nivel.",Backend
Lazy loading de bundles no frontend,"O Lazy Loading divide o bundle da aplicacao em pedacos menores carregados sob demanda, reduzindo o tempo de carregamento inicial e melhorando metricas como First Contentful Paint.",Frontend
Undertow como alternativa ao Tomcat,"O servidor de aplicacao Undertow e uma alternativa ao Tomcat com menor consumo de memoria e melhor performance em cenarios de alta concorrencia, configurado diretamente no Spring Boot.",Backend
Automação de tarefas com systemd-timers,"A automacao de tarefas cron no Linux com systemd-timers substitui o cron classico com suporte a dependencias entre servicos, persistencia de logs e controle de falhas integrado ao journald.",DevOps
Correlação de Pearson na análise exploratória,"A correlacao de Pearson mede a relacao linear entre duas variaveis continuas, com valores entre -1 e 1 indicando a forca e direcao da associacao, essencial na analise exploratoria.",Dados
Filas de mensagens com RabbitMQ,"RabbitMQ implementa o protocolo AMQP para filas de mensagens com roteamento flexivel via exchanges, bindings e routing keys, ideal para comunicacao assincrona entre microsservicos.",Backend
Observabilidade com ELK Stack,"ELK Stack combina Elasticsearch para busca e analise, Logstash para processamento e ingestao de logs, e Kibana para visualizacao, formando uma plataforma completa de observabilidade.",DevOps
Automação de CI/CD com GitHub Actions,"GitHub Actions automatiza workflows de CI/CD diretamente no repositorio, usando arquivos YAML para definir etapas de build, teste e deploy em maquinas virtuais efemeras.",DevOps
Etapas de uma pipeline de CI/CD,"A pipeline de CI/CD geralmente inclui etapas de checkout do codigo, instalacao de dependencias, execucao de testes, construcao da imagem Docker e deploy no ambiente alvo.",DevOps
Árvores de decisão e overfitting,"Arvores de Decisao sao modelos interpretaveis que particionam o espaco de features em regras binarias, mas tendem a overfitting se nao forem podadas ou limitadas em profundidade maxima.",Dados
Autenticação stateless com JWT,"JWT (JSON Web Token) e um padrao para autenticacao stateless onde o servidor assina um token contendo as claims do usuario, eliminando a necessidade de sessoes no servidor.",Backend
Clusterização com K-Means,"K-Means e um algoritmo de clusterizacao particionativa que agrupa dados em k clusters baseados na distancia euclidiana aos centroides, iterativamente ajustados ate a convergencia.",Dados
Deploy contínuo (CD),"O deploy continuo (CD) estende a integracao continua automatizando a publicacao em producao apos a aprovacao dos testes, reduzindo o tempo entre o commit e a entrega ao usuario.",DevOps
Programação funcional com Java Stream,"A API Java Stream facilita operacoes em colecoes com filtros, mapas e reducoes em pipeline functional-style, permitindo processar dados de forma declarativa e paralela quando necessario.",Backend
Testes end-to-end com Cypress,"Cypress e uma ferramenta de teste end-to-end que executa testes diretamente no navegador, com recarregamento automatico, time travel e debugging interativo para testes de frontend.",Frontend
O hook useRef no React,"O hook useRef mantem uma referencia mutavel que persiste entre renderizacoes sem causar re-renderizacao, util para acessar elementos DOM diretamente ou armazenar valores sem efeito colateral.",Frontend
Infraestrutura como código com Terraform,"Terraform permite definir infraestrutura como codigo usando a linguagem HCL, provisionando recursos em nuvens como AWS, Azure e GCP de forma declarativa e versionavel.",DevOps
Regras de associação com o algoritmo Apriori,"O algoritmo Apriori encontra regras de associacao em datasets transacionais, como produtos comprados juntos, calculando suporte, confianca e lift para recomendar itens em sistemas de e-commerce.",Dados
Subplots e figuras complexas no Matplotlib,"O Matplotlib permite criar subplots e figuras complexas com gridspec, controlando posicao, tamanho, titulo, legendas e anotacoes com granularidade milimetrica para publicacoes cientificas.",Dados
Carregamento lazy de imagens,"O uso do atributo loading=lazy em imagens adia o carregamento de imagens fora da viewport ate que o usuario role ate elas, economizando banda e melhorando o carregamento inicial da pagina.",Frontend
Princípios da Clean Architecture,"Clean Architecture propoe uma separacao em circulos concentricos onde dependencias apontam para dentro, com entidades, casos de uso, gateways e frameworks em camadas bem definidas.",Backend
Dashboards interativos com Grafana,"Grafana cria dashboards interativos a partir de fontes como Prometheus, Elasticsearch e InfluxDB, com graficos, alertas e anotacoes para monitoramento em tempo real.",DevOps
Classes condicionais com clsx,"A biblioteca clsx concatena nomes de classe condicionalmente em React, permitindo aplicar estilos dinamicos baseados em props ou estado sem dependencias pesadas de template strings.",Frontend
Importância de features no Random Forest,"A importancia de features no Random Forest e calculada pela reducao media da impureza nos nos onde a feature e usada para dividir, permitindo identificar quais variaveis mais contribuem para a predicao.",Dados
Pipeline de CI/CD com GitLab CI,"A pipeline de CI/CD com Gitlab CI define estagios no arquivo .gitlab-ci.yml com imagens Docker customizadas, artefatos entre estagios e ambientes de deploy separados por branch.",DevOps
Gerenciamento de dados assíncronos com React Query,"O React Query gerencia o estado de requisicoes assincronas com cache automatico, refetch em background e paginacao, simplificando a sincronizacao entre frontend e APIs REST.",Frontend
O hook useContext no React,"O hook useContext permite compartilhar dados entre componentes sem prop drilling, criando um contexto global que qualquer componente descendente pode consumir diretamente.",Frontend
Efeitos colaterais com useEffect,"React Hooks como useEffect gerenciam efeitos colaterais em componentes funcionais, substituindo metodos de ciclo de vida como componentDidMount e componentDidUpdate com uma API unificada.",Frontend
O que é overfitting,"O Overfitting acontece quando o modelo memoriza o ruido dos dados de treino em vez de aprender os padroes gerais, resultando em alta acuracia no treino mas baixa performance em dados novos.",Dados
Roteamento de alertas com Alertmanager,"O Prometheus Alertmanager agrupa, deduplica e roteia alertas para canais como email, Slack e PagerDuty, com silenciamento e inibicao configurados por regras em YAML.",DevOps
Auto-configuração no Spring Boot,"O Spring Boot oferece auto-configuracao que simplifica a criacao de aplicacoes Spring em producao, com embedded Tomcat e dependencias starter que reduzem a configuracao manual ao minimo.",Backend
Pipelines do Scikit-Learn,"O pipeline do Scikit-Learn encadeia transformacoes e estimadores em um unico objeto, garantindo que o pre-processamento aplicado no treino seja replicado exatamente na inferencia.",Dados
Orquestração de containers com Kubernetes,"Kubernetes orquestra containers em clusters de maquinas, gerenciando automaticamente escalonamento, balanceamento de carga, rollout de atualizacoes e recuperacao de falhas.",DevOps
Clusterização por densidade com DBSCAN,"O DBSCAN e um algoritmo de clusterizacao baseado em densidade que agrupa pontos proximos e identifica outliers, ideal para dados com formato irregular onde o K-Means tem desempenho ruim.",Dados
Testes A/B,"O teste A/B compara duas versoes de um produto atribuindo usuarios aleatoriamente a grupos de controle e tratamento, permitindo decisoes baseadas em significancia estatistica.",Dados
Padrão Container-Presentational no React,"O padrao Container-Presentational separa componentes em containeres (logica e estado) e apresentacionais (renderizacao pura), promovendo reuso e separacao de preocupacoes no React.",Frontend
O padrão DTO,"O padrao DTO (Data Transfer Object) separa as entidades JPA dos objetos que trafegam na API, evitando exposicao de dados internos e reduzindo o acoplamento entre a camada de persistencia e a apresentacao.",Backend
Service mesh com Istio,"O Istio e uma malha de servicos que adiciona proxies sidecar a cada pod no Kubernetes, fornecendo observabilidade, controle de trafego e seguranca entre microsservicos sem alterar o codigo.",DevOps
Monitoramento de infraestrutura,"O monitoramento de infraestrutura acompanha metricas de CPU, memoria, disco e rede em servidores e containers, gerando alertas quando thresholds sao excedidos e dashboards para analise historica.",DevOps
Chamadas assíncronas com WebClient,"O WebClient do Spring WebFlux substitui o RestTemplate para chamadas HTTP assincronas com suporte a reatividade, backpressure e tratamento de erros com operadores functional-style.",Backend
Aplicações multi-container com Docker Compose,"O Docker Compose define e executa aplicacoes multi-container com um arquivo YAML, configurando redes, volumes e dependencias entre servicos para ambientes de desenvolvimento locais.",DevOps
Prisma ORM para Node.js,"O Prisma ORM para Node.js e TypeScript gera queries SQL automaticamente a partir de schemas declarativos, com migracoes, seed e um cliente tipado que previne erros em tempo de compilacao.",Backend
Gradient Boosting com XGBoost,"O XGBoost e uma implementacao otimizada de Gradient Boosting com regularizacao L1 e L2, tratamento de missing values e suporte a GPU, vencedor de muitas competicoes do Kaggle.",Dados
O que é Feature Engineering,"Feature Engineering e o processo de criar novas variaveis a partir dos dados brutos para melhorar a performance dos modelos, incluindo transformacoes, agregacoes e codificacao de variaveis categoricas.",Dados
Geração estática de páginas no Next.js,"O Next.js gera paginas estaticas no build com getStaticProps e rotas dinamicas com getStaticPaths, entregando HTML pre-renderizado via CDN sem necessidade de servidor em runtime.",Frontend
Pool de conexões com HikariCP,"O pool de conexoes com HikariCP gerencia conexoes com o banco de dados de forma eficiente, reutilizando conexoes existentes e limitando o numero maximo para evitar sobrecarga no servidor.",Backend
Acessibilidade web e o padrão WCAG,"A acessibilidade web (WCAG) estabelece criterios como contraste minimo de 4.5 para texto normal, navegacao por teclado e labels semanticas em formularios para garantir que todos possam usar a aplicacao.",Frontend
Gerenciando clusters com kubectl,"A ferramenta kubectl gerencia clusters Kubernetes via linha de comando, com comandos para deploy, escalonamento, debugging e inspecao de pods, servicos e deployments.",DevOps
O princípio de Injeção de Dependência,"Injecao de Dependencia e um principio onde as dependencias de uma classe sao fornecidas externamente em vez de instanciadas internamente, promovendo baixo acoplamento e testabilidade.",Backend
Responsividade com CSS Grid e Flexbox,"Responsividade com CSS Grid e Flexbox permite layouts adaptaveis a diferentes tamanhos de tela usando unidades relativas, media queries e grid templates que reorganizam o conteudo automaticamente.",Frontend
Como funciona o Gradient Boosting,"O Gradient Boosting constroi arvores sequencialmente onde cada nova arvore corrige os erros da anterior, resultando em modelos de alta precisao como XGBoost e LightGBM.",Dados
Autenticação com OAuth2,"A autenticacao com OAuth2 delega a verificacao de identidade a um servidor de autorizacao que emite tokens de acesso, permitindo que aplicacoes terceiras acessem recursos sem expor credenciais.",Backend
Design de interfaces com Figma,"Figma e a ferramenta de design de interface mais utilizada, permitindo criar prototipos interativos, design systems com componentes reutilizaveis e colaboracao em tempo real entre designers e desenvolvedores.",Frontend
Tratamento global de exceções no Spring,"O tratamento global de excecoes com @ControllerAdvice centraliza a logica de erros HTTP, retornando respostas padronizadas com codigo, mensagem e timestamp em formato JSON.",Backend
O padrão Render Props no React,"O padrao Render Props no React compartilha codigo entre componentes atraves de uma prop que e uma funcao retornando JSX, flexivel mas substituivel por hooks na maioria dos casos.",Frontend
Validação cruzada leave-one-out,"A Validacao cruzada leave-one-out treina o modelo com N-1 amostras e testa na amostra restante, repetindo N vezes, ideal para datasets muito pequenos mas computacionalmente caro.",Dados
Redução de dimensionalidade com PCA,"A analise de componentes principais (PCA) reduz a dimensionalidade dos dados projetando-os em componentes ortogonais que maximizam a variancia, removendo redundancia e ruido.",Dados
Visualização estatística com Seaborn,"Seaborn extende o Matplotlib com graficos estatisticos como boxplots, violin plots e heatmaps, alem de paletas de cores e temas que melhoram a apresentacao visual dos dados.",Dados
Regularização L1 (Lasso),"A regularizacao L1 (Lasso) adiciona a soma dos valores absolutos dos coeficientes a funcao de custo, promovendo esparsidade e selecao automatica de features no modelo.",Dados
O que é TF-IDF,"O TF-IDF transforma textos em vetores numericos ponderando termos pela frequencia no documento e inversa no corpus, preparando os dados para algoritmos de machine learning como Regressao Logistica.",Dados
Autenticação básica HTTP,"A autenticacao basica HTTP envia credenciais codificadas em Base64 no header Authorization, simples de implementar mas insegura sem HTTPS, adequada apenas para servicos internos ou prototipos.",Backend
Variáveis CSS (Custom Properties),"O CSS Custom Properties (variaveis CSS) permite definir cores, espacamentos e fontes em um lugar centralizado e reutiliza-los em todo o stylesheet, com suporte a heranca e sobrescrita via cascata.",Frontend
Modelagem de séries temporais,"Series temporais exigem tratamento especial com componentes de tendencia, sazonalidade e residuos, utilizando modelos como ARIMA, Prophet ou LSTM para fazer previsoes sobre dados sequenciais.",Dados
A matriz de confusão,"A matriz de confusao resume os acertos e erros de um classificador comparando valores reais e previstos, permitindo calcular metricas como precisao, recall, especificidade e acuracia balanceada.",Dados
O que é One-Hot Encoding,"O One-Hot Encoding transforma variaveis categoricas em colunas binarias onde cada valor vira uma nova feature, necessario para algoritmos que nao processam dados categoricos diretamente.",Dados
Construindo aplicações com Angular,"O Angular e um framework opinionated do Google que utiliza TypeScript nativo, injecao de dependencia, modulos e observables do RxJS para construir aplicacoes corporativas complexas.",Frontend
Como o Docker usa o OverlayFS,"O sistema de arquivos OverlayFS usado pelo Docker empilha camadas de imagem em uma unica montagem, compartilhando camadas base entre containers para economizar espaco em disco.",DevOps
Análise estática de código com ESLint,"O ESLint analisa codigo JavaScript estaticamente para encontrar problemas antes da execucao, com regras configuraveis para padroes de codigo, boas praticas e deteccao de erros comuns.",Frontend
O padrão Event Sourcing,"O padrao Event Sourcing armazena o estado de uma aplicacao como uma sequencia imutavel de eventos, permitindo reconstruir o estado atual a qualquer momento e auditar todas as alteracoes.",Backend
Visualização de dados com Matplotlib,"Matplotlib e a biblioteca padrao para visualizacao de dados em Python, permitindo criar graficos de linha, barra, dispersao e histogramas com controle fino sobre cada elemento do plot.",Dados
Containers com Docker,"Docker utiliza containers que empacotam aplicacoes com todas as suas dependencias, garantindo que o software execute da mesma forma em qualquer ambiente, do notebook do desenvolvedor ao servidor de producao.",DevOps
Escopo local de estilos com CSS Modules,"CSS Modules permitem estilos com escopo local por componente, onde os nomes de classe sao transformados em identificadores unicos durante a compilacao, eliminando conflitos de nomenclatura.",Frontend
Coleta de métricas com Prometheus,"Prometheus coleta metricas de sistemas e aplicacoes em intervalos regulares via HTTP, armazenando series temporais em um banco de dados otimizado para consultas e alertas.",DevOps
Classificação de texto com Regressão Logística,"O classificador LogisticRegression do Scikit-Learn calcula a probabilidade de cada classe usando a funcao sigmoide e o otimizador lbfgs, funcionando bem para problemas de classificacao de texto.",Dados
O algoritmo de Gradiente Descendente,"O Gradiente Descendente e um algoritmo de otimizacao iterativo que ajusta os parametros do modelo na direcao oposta ao gradiente da funcao de custo, usado no treinamento de redes neurais.",Dados
Isolamento de recursos com namespaces,"Kubernetes utiliza namespaces para isolar ambientes e recursos dentro do mesmo cluster, permitindo que diferentes times compartilhem a infraestrutura sem conflitos de nomes ou permissoes.",DevOps
Health checks no Kubernetes,"A configuracao de health checks no Kubernetes com probes liveness e readiness determina quando um pod esta vivo e pronto para receber trafego, reiniciando automaticamente containers com falha.",DevOps
Java Records e redução de boilerplate,"O Java Records permite criar classes de dados imutaveis com construtor, getters, equals e hashCode gerados automaticamente pelo compilador, reduzindo significativamente o boilerplate em DTOs.",Backend
A métrica R-squared,"A metrica R-squared mede a proporcao da variancia dos dados explicada pelo modelo de regressao, variando de 0 a 1 onde valores mais altos indicam melhor ajuste aos dados observados.",Dados
O hook useState no React,"O React Hook useState permite adicionar estado a componentes funcionais, retornando um par com o valor atual e uma funcao para atualiza-lo que dispara a re-renderizacao do componente.",Frontend
Compressão de respostas HTTP com Gzip,"A compressao de respostas HTTP com Gzip reduz o trafego entre servidor e cliente compactando JSON e outros recursos textuais antes da transmissao, configurado via filtro no Spring Boot.",Backend
Gráficos interativos com Plotly,"A biblioteca Plotly cria graficos interativos com zoom, pan e tooltips em HTML, exportaveis para PNG ou SVG e incorporaveis em dashboards web e notebooks Jupyter.",Dados
Matriz de correlação com heatmap,"A matriz de correlacao com heatmap no Seaborn visualiza relacoes entre variaveis numericas com um gradiente de cores, facilitando a identificacao de padroes e dependencias lineares no dataset.",Dados
O Teorema do Limite Central,"O Teorema do Limite Central estabelece que a distribuicao das medias amostrais se aproxima de uma normal a medida que o tamanho da amostra aumenta, fundamentando muitos metodos estatisticos.",Dados
O Teorema de Bayes e o Naive Bayes,"O teorema de Bayes fornece uma base probabilistica para atualizar crencas a partir de evidencias, sendo a base dos classificadores Naive Bayes amplamente usados em analise de sentimentos.",Dados
O padrão Repository,"O padrao Repository abstrai o acesso a dados, permitindo que a logica de negocios trabalhe com colecoes de entidades sem depender de detalhes especificos do banco de dados subjacente.",Backend
Multicolinearidade entre features,"A analise de correlacao entre features ajuda a detectar multicolinearidade, onde variaveis altamente correlacionadas podem distorcer coeficientes de regressao e reduzir a estabilidade do modelo.",Dados
Configurando CORS no Spring Boot,"A configuracao de CORS no Spring Boot permite que aplicacoes frontend em dominios diferentes consumam a API, definindo origens permitidas, metodos HTTP e headers no filtro CorsConfigurationSource.",Backend
Validação cruzada k-fold,"A validacao cruzada k-fold divide o dataset em k partes, treinando o modelo em k-1 folds e testando no fold restante, repetindo o processo k vezes para obter uma estimativa robusta da performance.",Dados
O sistema de reatividade do Vue.js,"O Vue.js utiliza um sistema de reatividade baseado em proxies que rastreia automaticamente dependencias e atualiza o DOM quando os dados mudam, sem necessidade de setters ou dispatchers.",Frontend
Análise de sentimentos com NLP,"A analise de sentimentos classifica textos como positivos, negativos ou neutros utilizando tecnicas de NLP como bag-of-words, embeddings ou modelos pre-treinados como BERT.",Dados
Manipulação de dados com Pandas,"Pandas e a biblioteca fundamental para manipulacao de dados em Python, oferecendo estruturas como DataFrame e Series para limpeza, transformacao e analise exploratoria de dados tabulares.",Dados
O algoritmo Expectation-Maximization,"O algoritmo de Expectation-Maximization estima parametros de modelos probabilisticos na presenca de variaveis latentes, usado em misturas de Gaussianas para clusterizacao suave.",Dados
Deploy de apps React na Vercel,"O deploy de aplicacoes React estaticas na Vercel ou Netlify conecta o repositorio Git, faz build automatico e publica em CDN global com HTTPS, preview deployments por branch e rollback com um clique.",Frontend
A API Intersection Observer,"A Web API Intersection Observer detecta quando elementos entram ou saem da viewport, permitindo implementar lazy loading de imagens, paginacao infinita e animacoes baseadas em scroll.",Frontend
Gerenciamento de sessões web,"O gerenciamento de sessoes em aplicacoes web pode ser feito com cookies, tokens JWT ou servidores Redis, cada abordagem com seus compromissos entre seguranca, escalabilidade e simplicidade.",Backend
Princípios de SRE,"O SRE aplica principios de engenharia de software para operar sistemas de producao, com foco em Service Level Objectives, error budgets e automacao para reduzir trabalho manual repetitivo.",DevOps
Componentes funcionais puros no React,"Componentes funcionais puros recebem props e retornam JSX sem efeitos colaterais, sendo previsiveis e faceis de testar, alem de permitirem otimizacoes com React.memo.",Frontend
Qualidade de código com SonarQube,"O SonarQube analisa a qualidade do codigo fonte detectando bugs, vulnerabilidades de seguranca e code smells, integrado ao pipeline de CI para bloquear deploys com qualidade abaixo do threshold.",DevOps
O método elbow no K-Means,"O metodo elbow ajuda a determinar o numero ideal de clusters no K-Means, analisando o ponto onde a adicao de novos clusters deixa de reduzir significativamente a inercia do modelo.",Dados
O controlador Ingress no Kubernetes,"O controlador Ingress no Kubernetes expoe servicos HTTP e HTTPS externamente com regras de roteamento baseadas em hostname e path, terminacao SSL e balanceamento de carga integrado.",DevOps
Renderização no servidor com Next.js,"A renderizacao no servidor com Next.js gera o HTML inicial no backend, melhorando o SEO e a percepcao de carregamento, enquanto a hidratacao no cliente adiciona interatividade.",Frontend
Tipagem estática com TypeScript,"TypeScript adiciona tipagem estatica ao JavaScript, detectando erros em tempo de compilacao e melhorando a produtividade com autocompletar, refatoracao segura e documentacao explicita dos tipos.",Frontend
Tuning de hiperparâmetros,"O tuning de hiperparametros com GridSearch testa exaustivamente combinacoes pre-definidas, enquanto RandomizedSearch amostra valores aleatorios do espaco de busca para encontrar configuracao otima.",Dados
Pré-processamento de texto em NLP,"O pre-processamento de texto inclui tokenizacao, remocao de stopwords, stemming e lematizacao, transformando texto bruto em uma representacao numerica que algoritmos de ML podem processar.",Dados
Nginx como proxy reverso,"O Nginx atua como proxy reverso e balanceador de carga, distribuindo requisicoes entre servidores backend, servindo arquivos estaticos e terminando conexoes SSL.",DevOps
Perfis de configuração no Spring Boot,"O arquivo application.yml do Spring Boot organiza configuracoes hierarquicas por ambiente com perfis active, permitindo sobrescrever properties de banco, porta e logging sem modificar codigo.",Backend
Automação de servidores com Ansible,"Ansible automatiza configuracao de servidores e deploy de aplicacoes usando playbooks em YAML, sem exigir agentes instalados nos nos gerenciados, apenas conexao SSH.",DevOps
Design responsivo com media queries,"O design responsivo com media queries adapta o layout da pagina a diferentes resolucoes de tela, reorganizando elementos e alterando tamanhos de fonte para garantir usabilidade em dispositivos moveis.",Frontend
Visão geral do Next.js,"O Next.js e um framework React que oferece renderizacao no servidor, geracao de paginas estaticas e rotas baseadas no sistema de arquivos, alem de suporte a API routes integradas.",Frontend
O que é integração contínua,"A integracao continua (CI) automatiza a verificacao de qualidade a cada commit, compilando o codigo, rodando testes e analisando cobertura antes de permitir o merge.",DevOps
VPC Peering na AWS,"O VPC peering na AWS conecta duas Virtual Private Clouds em redes diferentes usando rotas privadas, permitindo comunicacao segura entre recursos sem passar pela internet publica.",DevOps
O padrão Chain of Responsibility,"O padrao Chain of Responsibility encadeia handlers sequencialmente onde cada um decide processar ou passar a requisicao adiante, usado em pipelines de validacao ou filtros de autenticacao.",Backend
Segurança em containers,"A seguranca em containers envolve escanear vulnerabilidades nas imagens, rodar containers com privilegios minimos, assinar imagens com chaves criptograficas e isolar processos com namespaces do Linux.",DevOps
Autenticação e autorização com Spring Security,"O Spring Security gerencia autenticacao e autorizacao em aplicacoes Java, integrando-se com OAuth2, LDAP e JWT para proteger endpoints com filtros e anotacoes declarativas.",Backend
Arquitetura Hexagonal,"Arquitetura Hexagonal isola o nucleo da aplicacao (regras de negocio) de adaptadores externos como bancos de dados e APIs, facilitando testes e substituicao de infraestrutura.",Backend
Containers serverless com Cloud Run,"O Google Cloud Run executa containers sem servidor, escalando automaticamente de zero a milhares de instancias baseado na demanda, com pagamento apenas pelo tempo de uso.",DevOps
Embeddings de palavras com Word2Vec,O embedding de palavras com Word2Vec ou GloVe mapeia termos para vetores densos em um espaco continuo onde similaridade semantica corresponde a proximidade geometrica entre vetores.,Dados
Gerenciando releases com Helm,"O helm upgrade --install gerencia releases no Kubernetes com upgrade atomico e rollback automatico em caso de falha, mantendo o historico de revisoes para recovery rapido.",DevOps
O App Router do Next.js,"O Next.js App Router usa layouts aninhados, server components e streaming para construir paginas com carregamento progressivo e melhor performance de renderizacao no servidor.",Frontend
Documentando componentes com Storybook,"O Storybook e uma ferramenta de desenvolvimento que permite documentar e testar componentes React isoladamente, com suporte a variantes, estados e interacoes simuladas sem depender do backend.",Frontend
Logs centralizados com Loki,"O monitoramento de logs centralizados com Loki agrega logs de todos os containers e servicos em um unico storage, indexado por labels do Prometheus para consultas rapidas sem indexacao de texto completo.",DevOps
O que é um Dockerfile,"O Dockerfile descreve os passos para construir uma imagem de container, desde a base do sistema operacional ate a instalacao de dependencias e configuracao do ponto de entrada.",DevOps
Comunicação entre serviços com gRPC,"O protocolo gRPC utiliza HTTP/2 e serializacao Protocol Buffers para comunicacao entre servicos com baixa latencia, contratos tipados e geracao automatica de codigo cliente-servidor.",Backend
Monitoramento profundo com sysdig,"O sysdig monitora sistemas Linux em profundidade capturando chamadas de sistema e eventos do kernel, usado para debugging de performance, seguranca e troubleshooting de containers.",DevOps
Autenticação JWT em Node.js,"A autenticacao JWT em Node.js utiliza a biblioteca jsonwebtoken para gerar e verificar tokens com payload customizado, expiracao configuravel e assinatura HMAC ou RSA.",Backend
Cache de segundo nível no Hibernate,"O cache de segundo nivel do Hibernate armazena entidades consultadas em memoria compartilhada entre sessoes, reduzindo consultas ao banco e melhorando performance em aplicacoes de leitura intensa.",Backend
O padrão Strategy,"O padrao Strategy define uma familia de algoritmos intercambiaveis em tempo de execucao, permitindo selecionar diferentes comportamentos como metodos de pagamento ou validacao sem condicionais.",Backend
Migrando VMs para containers,"A migracao de maquinas virtuais para containers envolve reempacotar aplicacoes em imagens Docker, ajustar configuracoes de rede e armazenamento persistente com volumes Kubernetes.",DevOps
CSS-in-JS com Styled Components,"Styled Components e uma abordagem CSS-in-JS que associa estilos diretamente aos componentes React, gerando classes unicas automaticamente e permitindo logica JavaScript dentro dos estilos.",Frontend
Migrações de banco com Flyway,"A migracao de banco de dados com Flyway versiona as alteracoes no schema SQL, aplicando scripts de migracao na ordem correta e garantindo que todos os ambientes fiquem sincronizados.",Backend
Renderização condicional no React,"A renderizacao condicional em React pode ser feita com operadores ternarios, short-circuit evaluation ou componentes switch, exibindo diferentes saidas com base no estado ou props do componente.",Frontend
Gerenciamento de estado com Zustand,"O Zustand e uma alternativa simples ao Redux para gerenciamento de estado global, com API minimalista baseada em hooks e sem boilerplate de actions e reducers.",Frontend
Pipelines no Azure DevOps,"O Azure DevOps oferece pipelines de build e release integrados com repositorios Git, artefatos e boards de projeto, alem de suporte nativo a containers Docker e Kubernetes.",DevOps
O padrão Decorator,"O padrao Decorator aplica comportamento adicional a objetos dinamicamente, como logging ou autenticacao, sem modificar a classe original, utilizando composicao em vez de heranca.",Backend
Assinatura de commits com GPG,"A assinatura de commits com GPG no GitHub verifica a autenticidade do autor, exibindo um selo Verified no historico que garante que o commit veio realmente de quem diz ser.",DevOps
O padrão CQRS,"O padrao CQRS separa operacoes de leitura e escrita em modelos diferentes, permitindo otimizar cada lado independentemente e escalar a aplicacao de forma mais granular.",Backend
O que são Progressive Web Apps,"PWA (Progressive Web Apps) combinam service workers, manifest e cache API para criar aplicacoes que funcionam offline, podem ser instaladas na tela inicial e enviam notificacoes push.",Frontend
Formatação automática com Prettier,"O Prettier formata codigo automaticamente seguindo regras consistentes de indentacao, aspas e virgulas, integrado ao editor para formatar ao salvar e evitar discussoes de estilo no time.",Frontend
O que é observabilidade,"A observabilidade combina metricas, logs e tracing distribuido para fornecer visibilidade completa do estado de sistemas em producao, permitindo diagnosticar problemas rapidamente.",DevOps
O padrão Saga,"O padrao Saga gerencia transacoes distribuidas em microsservicos atraves de uma sequencia de eventos compensatorios, garantindo consistencia eventual sem utilizar lock global de recursos.",Backend
Linux como base para servidores,"Linux e o sistema operacional padrao para servidores em producao, com ferramentas como systemd, iptables e ssh que formam a base da administracao de infraestrutura moderna.",DevOps
Serialização JSON com Jackson,A serializacao de objetos Java com Jackson converte automaticamente objetos em JSON utilizando anotacoes como @JsonProperty e @JsonIgnore para controlar a representacao dos campos.,Backend
Serviços essenciais da AWS,"AWS oferece servicos como EC2 para computacao, S3 para armazenamento de objetos e RDS para bancos relacionais, todos gerenciados via API e integraveis com IaC.",DevOps
Listas virtualizadas com react-window,"O array virtual com react-window renderiza apenas os itens visiveis em uma lista longa, reciclando o DOM e mantendo a performance em dezenas de milhares de linhas sem lag.",Frontend
Deploy contínuo com ArgoCD,"O ArgoCD automatiza deploy continuo no Kubernetes seguindo o padrao GitOps, onde o estado desejado da aplicacao esta versionado no Git e o ArgoCD sincroniza automaticamente o cluster com o repositorio.",DevOps
Documentação de APIs com Swagger,"Documentacao de APIs com OpenAPI e Swagger permite gerar automaticamente uma interface interativa para testar endpoints, facilitando a integracao entre equipes de frontend e backend.",Backend
Conectando PostgreSQL com Spring Data JPA,"A conexao com banco de dados PostgreSQL via Spring Data JPA e configurada no application.properties com a URL, usuario e senha, e o Hibernate gera automaticamente as tabelas a partir das entidades mapeadas.",Backend
Otimizando renders com React.memo,"O React.memo memoiza componentes puros, evitando re-renderizacoes desnecessarias quando as props nao mudam, otimizando a performance em componentes renderizados frequentemente.",Frontend
Testes unitários com Vitest,"O Vitest e um framework de testes unitarios compativel com Jest que roda nativamente no Vite, compartilhando a mesma configuracao de transformacao e plugins para desenvolvimento unificado.",Frontend
Navegação com React Router,"O React Router gerencia navegacao entre paginas em aplicacoes SPA, definindo rotas com parametros, nested routes e lazy loading de componentes para melhor performance.",Frontend
Normalização de dados com StandardScaler,"A normalizacao dos dados com StandardScaler ou MinMaxScaler e necessaria quando features tem escalas diferentes, evitando que variaveis com valores maiores dominem o treinamento do modelo.",Dados
Depurando aplicações com Chrome DevTools,"O Chrome DevTools oferece ferramentas para inspecionar elementos, depurar JavaScript, analisar performance de rede e renderizacao, alem de auditar acessibilidade e SEO com Lighthouse.",Frontend
Imagens Docker multi-stage,"A criacao de imagens Docker multi-stage separa o ambiente de build do ambiente de runtime, resultando em imagens menores e mais seguras ao copiar apenas os artefatos necessarios para a imagem final.",DevOps
Gerenciamento de transações com @Transactional,"A anotacao @Transactional do Spring gerencia o ciclo de vida da transacao com commit e rollback automaticos, suportando propagacao entre metodos e isolamento entre conexoes simultaneas.",Backend
O Apache Maven Wrapper,"O Apache Maven Wrapper garante que todos os desenvolvedores usem a mesma versao do Maven, baixando automaticamente a versao especificada no arquivo .mvn/wrapper/maven-wrapper.properties.",Backend
Estilização utility-first com Tailwind CSS,"Tailwind CSS e um framework utility-first que oferece classes atomicas para estilizacao direta no HTML, eliminando a necessidade de escrever CSS customizado e garantindo consistencia no design.",Frontend
Orquestração com Docker Swarm,"O Docker Swarm e uma alternativa nativa ao Kubernetes para orquestracao de containers, mais simples de configurar mas com menos recursos avancados de escalonamento e auto-recuperacao.",DevOps
A métrica AUC-ROC,"A metrica AUC-ROC mede a capacidade do modelo em distinguir entre classes positivas e negativas em diferentes limiares, com valores proximos de 1 indicando excelente discriminacao.",Dados
Como funciona o Virtual DOM,"O Virtual DOM do React cria uma representacao leve da arvore DOM em memoria, calcula a diferenca (diff) entre estados e aplica apenas as alteracoes necessarias no DOM real de forma eficiente.",Frontend
Comunicação em tempo real com WebSockets,"WebSockets estabelecem uma conexao bidirecional persistente entre cliente e servidor, ideal para aplicacoes em tempo real como chats, notificacoes e colaboracao simultanea.",Frontend
Formulários controlados no React,"Formularios controlados em React armazenam o estado dos campos no estado do componente, permitindo validacao em tempo real, mascaras de entrada e submissao com controle total dos dados.",Frontend
Redis como cache distribuído,"Redis e um armazenamento de chave-valor em memoria usado como cache distribuido, fila de mensagens ou banco de sessoes, com suporte a estruturas como listas, conjuntos e hashes.",Backend
Estado global com Context e useReducer,"A API Context do React combinada com useReducer substitui o Redux em aplicacoes de medio porte, gerenciando estado global com acoes e reducers sem adicionar dependencias externas.",Frontend
Engenharia de prompts para LLMs,A engenharia de prompts para LLMs explora tecnicas como few-shot learning e chain-of-thought para guiar modelos de linguagem a gerar respostas mais precisas e contextualizadas.,Dados
Vite como bundler de desenvolvimento,"O Vite substitui o Webpack como bundler de desenvolvimento com HMR instantaneo usando ESM nativo do navegador, resultando em inicializacao e recarregamento muito mais rapidos.",Frontend
Automação de pipelines com Jenkins,"O Jenkins automatiza pipelines de CI/CD com centenas de plugins para integracao com Git, Docker, testes e deploy, executando builds em agentes distribuidos.",DevOps
Classificação com o algoritmo KNN,"O algoritmo KNN classifica novos pontos pela maioria dos votos dos k vizinhos mais proximos no espaco de features, simples e eficaz mas computacionalmente caro em datasets grandes.",Dados
Desbalanceamento de classes,"O desbalanceamento de classes ocorre quando uma categoria tem muito mais exemplos que outra, exigindo tecnicas como oversampling com SMOTE, undersampling ou uso de metricas como F1-score.",Dados
Gerenciamento de estado com Redux,"Redux e uma biblioteca de gerenciamento de estado global que segue o padrao Flux com store unica, acoes descritivas e reducers puros que calculam o novo estado sem mutacao direta.",Frontend
Gerenciando Kubernetes com k9s,"A ferramenta k9s oferece uma interface terminal interativa para gerenciar clusters Kubernetes, com navegacao por pods, logs em tempo real, port-forward e execucao remota em containers.",DevOps
Dashboards analíticos com Dash,"O Framework Dash do Plotly constroi dashboards analiticos com Python puro, combinando graficos interativos com componentes de UI como dropdowns, sliders e tabelas sem escrever JavaScript.",Dados
Streaming de eventos com Kafka,"Kafka e uma plataforma de streaming distribuido que publica e assina topicos de mensagens com persistencia em disco, tolerante a falhas e capaz de processar milhoes de eventos por segundo.",Backend
Design Patterns clássicos,"Design Patterns como Strategy, Observer e Factory sao solucoes reutilizaveis para problemas recorrentes no desenvolvimento de software orientado a objetos, documentados pela Gang of Four.",Backend
Máquinas virtuais de desenvolvimento com Vagrant,"O Vagrant cria e gerencia maquinas virtuais de desenvolvimento com configuracao declarativa em Ruby, permitindo replicar ambientes de producao localmente de forma consistente.",DevOps
MongoDB como banco NoSQL,"O MongoDB e um banco NoSQL orientado a documentos que armazena dados em formato JSON flexivel, ideal para prototipos e aplicacoes que exigem schema dinamico sem migrations.",Backend
Criando imagens de VM com Packer,"A ferramenta Packer cria imagens de maquina virtual identicas para diferentes provedores de nuvem como AWS AMI, GCP Image e Azure VHD a partir de um unico template JSON ou HCL.",DevOps
Análise de vulnerabilidades com Trivy,"A analise de vulnerabilidades com Trivy escaneia imagens Docker, repositorios Git e sistemas de arquivos procurando por CVEs, misconfiguracoes e segredos expostos nas camadas da imagem.",DevOps
APIs REST com Node.js e Express,"O Node.js com Express permite criar servidores HTTP rapidamente com rotas, middlewares e tratamento de requisicoes, sendo uma alternativa leve ao Java Spring para APIs REST.",Backend
O que é GraphQL,"GraphQL permite que o cliente especifique exatamente quais campos deseja em uma unica requisicao, resolvendo o problema de overfetching e underfetching comum em APIs REST.",Backend
Balanceamento de classes com SMOTE,"O metodo SMOTE gera exemplos sinteticos da classe minoritaria interpolando entre pontos existentes, balanceando o dataset sem perder informacao como ocorre no undersampling aleatorio.",Dados
Implantação Blue-Green,"A implantacao Blue-Green reduz o risco de deploy mantendo dois ambientes identicos, onde o trafego e redirecionado do ambiente antigo para o novo apos validacao.",DevOps
A função de perda cross-entropy,"A funcao de perda cross-entropy mede a diferenca entre a distribuicao de probabilidade prevista e a real, sendo a funcao de custo padrao para problemas de classificacao multiclasses.",Dados
Introdução ao React,"React e uma biblioteca JavaScript para construir interfaces de usuario com componentes reutilizaveis, estado unidirecional e virtual DOM que otimiza a renderizacao ao minimizar manipulacoes no DOM real.",Frontend
Empacotando aplicações com Helm Charts,"Helm Charts empacotam configuracao Kubernetes reutilizavel com templates Go e valores parametrizaveis, simplificando o deploy de aplicacoes complexas em diferentes ambientes.",DevOps
Testes de integração no Spring Boot,"Testes de integracao validam a comunicacao entre componentes reais do sistema, como o acesso ao banco de dados ou a chamada a APIs externas, utilizando o SpringBootTest para carregar o contexto completo.",Backend
Detecção de anomalias com autoencoders,"O autoencoder e uma rede neural que aprende a comprimir e reconstruir dados, usado para deteccao de anomalias onde erros de reconstrucao altos indicam padroes fora do normal.",Dados
Inversão de Controle no Spring Boot,"Os beans do Spring Boot sao gerenciados pelo container de Inversao de Controle que controla o ciclo de vida, injeta dependencias e configura escopos como singleton, prototype ou request.",Backend
A matriz TF-IDF,"A matriz TF-IDF pondera termos pela frequencia no documento e inversa da frequencia no corpus, destacando palavras importantes para cada documento enquanto reduz o peso de termos comuns.",Dados
Web Scraping com BeautifulSoup,"O Web Scraping com BeautifulSoup e Requests extrai dados estruturados de paginas HTML, permitindo coletar datasets da web para alimentar pipelines de analise e machine learning.",Dados
Gerenciamento de dependências com Maven,"O gerenciamento de dependencias com Maven organiza bibliotecas no pom.xml com escopos como compile, test e provided, alem de plugins para build, testes e empacotamento da aplicacao.",Backend
O que é um React Fragment,"O React Fragment permite agrupar uma lista de elementos filhos sem adicionar nos extras ao DOM, resolvendo o problema de componentes que precisam retornar multiplos elementos adjacentes.",Frontend
Renderização 3D com Three.js,"O Three.js e uma biblioteca JavaScript para renderizacao 3D no navegador usando WebGL, permitindo criar cenas com camaras, luzes, texturas e animacoes para visualizacao de dados imersiva.",Frontend
