texto,categoria
Estratégias eficientes para Docker para ambientes cloud.,DevOps
Desmistificando Web Components para ambientes cloud.,Frontend
Estratégias eficientes para Clusterização para times ágeis.,DataScience
Boas práticas para Jenkins com foco em segurança.,DevOps
Como implementar Clusterização com foco em segurança.,DataScience
Guia prático para UX/UI para times ágeis.,Frontend
Introdução ao Regressão para ambientes cloud.,DataScience
Guia prático para Classificação com foco em segurança.,DataScience
Estratégias eficientes para WebSockets em sistemas corporativos.,Frontend
Desmistificando Infraestrutura para ambientes cloud.,DevOps
Guia prático para Event-Driven para times ágeis.,Backend
Desmistificando Spring Boot com foco em segurança.,Backend
Conceitos avançados sobre CI/CD com foco em segurança.,DevOps
Como implementar Next.js com foco em segurança.,Frontend
Introdução ao Maven para ambientes cloud.,Backend
Como implementar React para ambientes cloud.,Frontend
Como implementar Terraform com foco em escalabilidade.,DevOps
Conceitos avançados sobre React para times ágeis.,Frontend
Domine AWS para times ágeis.,DevOps
Domine Azure com foco em segurança.,DevOps
Conceitos avançados sobre Redux com foco em escalabilidade.,Frontend
Desmistificando PyTorch com foco em escalabilidade.,DataScience
Desmistificando Grafana em aplicações web modernas.,DevOps
Introdução ao Node.js com foco em escalabilidade.,Backend
Como implementar Séries Temporais em sistemas corporativos.,DataScience
Domine API REST em aplicações web modernas.,Backend
Conceitos avançados sobre CI/CD com foco em escalabilidade.,DevOps
Desmistificando Next.js para times ágeis.,Frontend
Guia prático para Kubernetes com foco em escalabilidade.,DevOps
Boas práticas para Kafka para ambientes cloud.,Backend
Boas práticas para CSS em sistemas corporativos.,Frontend
Desmistificando Node.js para times ágeis.,Backend
Guia prático para Prometheus para times ágeis.,DevOps
Conceitos avançados sobre Ansible com foco em segurança.,DevOps
Conceitos avançados sobre CQRS com foco em escalabilidade.,Backend
Domine Regressão em aplicações web modernas.,DataScience
Guia prático para Séries Temporais para times ágeis.,DataScience
Guia prático para TypeScript para times ágeis.,Frontend
Introdução ao SQL com foco em segurança.,Backend
Boas práticas para Next.js para times ágeis.,Frontend
Introdução ao Angular em sistemas corporativos.,Frontend
Domine CI/CD com foco em segurança.,DevOps
Desmistificando Linux em sistemas corporativos.,DevOps
Domine Grafana para ambientes cloud.,DevOps
Boas práticas para Azure com foco em segurança.,DevOps
Introdução ao UX/UI em aplicações web modernas.,Frontend
Introdução ao Jenkins com foco em segurança.,DevOps
Guia prático para Vue.js com foco em escalabilidade.,Frontend
Estratégias eficientes para SQL em aplicações web modernas.,Backend
Como implementar WebSockets para times ágeis.,Frontend
Domine AWS com foco em segurança.,DevOps
Introdução ao Deep Learning com foco em segurança.,DataScience
Guia prático para NumPy com foco em escalabilidade.,DataScience
Introdução ao Docker em sistemas corporativos.,DevOps
Conceitos avançados sobre Redux em sistemas corporativos.,Frontend
Introdução ao Clusterização em aplicações web modernas.,DataScience
Como implementar PWA com foco em escalabilidade.,Frontend
Guia prático para NLP para ambientes cloud.,DataScience
Conceitos avançados sobre Scikit-learn para ambientes cloud.,DataScience
Desmistificando UX/UI para times ágeis.,Frontend
Domine Scikit-learn para times ágeis.,DataScience
Como implementar CQRS com foco em segurança.,Backend
Introdução ao Azure para times ágeis.,DevOps
Boas práticas para Clusterização com foco em escalabilidade.,DataScience
Conceitos avançados sobre Jenkins com foco em segurança.,DevOps
Desmistificando Event-Driven em aplicações web modernas.,Backend
Conceitos avançados sobre PWA para ambientes cloud.,Frontend
Guia prático para Event-Driven em sistemas corporativos.,Backend
Domine Scikit-learn com foco em escalabilidade.,DataScience
Estratégias eficientes para CQRS com foco em escalabilidade.,Backend
Estratégias eficientes para OAuth2 para ambientes cloud.,Backend
Estratégias eficientes para Ansible em aplicações web modernas.,DevOps
Boas práticas para CQRS para ambientes cloud.,Backend
Como implementar PyTorch em aplicações web modernas.,DataScience
Boas práticas para Kafka para times ágeis.,Backend
Boas práticas para Maven em sistemas corporativos.,Backend
Boas práticas para Prometheus com foco em segurança.,DevOps
Domine React em sistemas corporativos.,Frontend
Domine Clusterização com foco em escalabilidade.,DataScience
Desmistificando Docker com foco em segurança.,DevOps
Domine Scikit-learn com foco em segurança.,DataScience
Guia prático para Classificação com foco em segurança.,DataScience
Guia prático para Prometheus com foco em escalabilidade.,DevOps
Estratégias eficientes para Maven em aplicações web modernas.,Backend
Como implementar Redux com foco em segurança.,Frontend
Introdução ao Séries Temporais em aplicações web modernas.,DataScience
Domine JWT em aplicações web modernas.,Backend
Como implementar Redux para ambientes cloud.,Frontend
Conceitos avançados sobre Séries Temporais em sistemas corporativos.,DataScience
Desmistificando Maven com foco em escalabilidade.,Backend
Desmistificando Microsserviços em sistemas corporativos.,Backend
Desmistificando WebSockets com foco em escalabilidade.,Frontend
Guia prático para WebSockets para times ágeis.,Frontend
Boas práticas para WebSockets com foco em segurança.,Frontend
Estratégias eficientes para Angular para times ágeis.,Frontend
Estratégias eficientes para WebSockets com foco em escalabilidade.,Frontend
Desmistificando Scikit-learn com foco em segurança.,DataScience
Boas práticas para Vue.js em aplicações web modernas.,Frontend
Como implementar TypeScript para ambientes cloud.,Frontend
Domine Matplotlib para ambientes cloud.,DataScience
Introdução ao CSS com foco em escalabilidade.,Frontend
Conceitos avançados sobre Infraestrutura para times ágeis.,DevOps
Desmistificando CSS em sistemas corporativos.,Frontend
Estratégias eficientes para Microsserviços com foco em segurança.,Backend
Conceitos avançados sobre PWA em sistemas corporativos.,Frontend
Conceitos avançados sobre Microsserviços para ambientes cloud.,Backend
Domine Kafka com foco em escalabilidade.,Backend
Estratégias eficientes para Maven para ambientes cloud.,Backend
Guia prático para CSS para times ágeis.,Frontend
Boas práticas para PWA com foco em escalabilidade.,Frontend
Introdução ao Séries Temporais em aplicações web modernas.,DataScience
Domine Clusterização em sistemas corporativos.,DataScience
Guia prático para PWA em aplicações web modernas.,Frontend
Conceitos avançados sobre Azure em aplicações web modernas.,DevOps
Como implementar Node.js para times ágeis.,Backend
Como implementar Pandas em sistemas corporativos.,DataScience
Desmistificando OAuth2 com foco em escalabilidade.,Backend
Boas práticas para Matplotlib com foco em escalabilidade.,DataScience
Domine Grafana com foco em segurança.,DevOps
Estratégias eficientes para SQL em sistemas corporativos.,Backend
Introdução ao Redux para times ágeis.,Frontend
Boas práticas para Node.js para ambientes cloud.,Backend
Introdução ao Scikit-learn para times ágeis.,DataScience
Como implementar Pandas com foco em escalabilidade.,DataScience
Desmistificando Event-Driven para ambientes cloud.,Backend
Boas práticas para Matplotlib em aplicações web modernas.,DataScience
Conceitos avançados sobre Azure com foco em escalabilidade.,DevOps
Conceitos avançados sobre Terraform para times ágeis.,DevOps
Desmistificando SQL com foco em escalabilidade.,Backend
Introdução ao OAuth2 em aplicações web modernas.,Backend
Boas práticas para JWT para ambientes cloud.,Backend
Boas práticas para Next.js em aplicações web modernas.,Frontend
Como implementar Clusterização com foco em segurança.,DataScience
Boas práticas para Web Components com foco em segurança.,Frontend
Estratégias eficientes para Web Components em sistemas corporativos.,Frontend
Conceitos avançados sobre CSS com foco em segurança.,Frontend
Domine PWA para times ágeis.,Frontend
Introdução ao Ansible para times ágeis.,DevOps
Boas práticas para Clusterização com foco em segurança.,DataScience
Conceitos avançados sobre Tailwind para times ágeis.,Frontend
Introdução ao Terraform com foco em escalabilidade.,DevOps
Estratégias eficientes para Linux em sistemas corporativos.,DevOps
Introdução ao Terraform com foco em segurança.,DevOps
Boas práticas para Ansible em aplicações web modernas.,DevOps
Estratégias eficientes para Docker para times ágeis.,DevOps
Introdução ao Linux com foco em segurança.,DevOps
Desmistificando Kubernetes para ambientes cloud.,DevOps
Como implementar UX/UI em sistemas corporativos.,Frontend
Desmistificando NLP com foco em segurança.,DataScience
Estratégias eficientes para TensorFlow para times ágeis.,DataScience
Estratégias eficientes para NumPy com foco em segurança.,DataScience
Desmistificando TensorFlow com foco em escalabilidade.,DataScience
Domine React para ambientes cloud.,Frontend
Estratégias eficientes para WebSockets com foco em escalabilidade.,Frontend
Guia prático para NumPy em aplicações web modernas.,DataScience
Estratégias eficientes para OAuth2 com foco em escalabilidade.,Backend
Como implementar SQL em aplicações web modernas.,Backend
Desmistificando Matplotlib com foco em segurança.,DataScience
Guia prático para OAuth2 para times ágeis.,Backend
Conceitos avançados sobre Terraform com foco em escalabilidade.,DevOps
Como implementar Spring Boot com foco em segurança.,Backend
Conceitos avançados sobre Regressão em sistemas corporativos.,DataScience
Boas práticas para Classificação com foco em segurança.,DataScience
Domine WebSockets em aplicações web modernas.,Frontend
Estratégias eficientes para AWS para times ágeis.,DevOps
Conceitos avançados sobre API REST em aplicações web modernas.,Backend
Boas práticas para PWA em aplicações web modernas.,Frontend
Como implementar Hibernate para ambientes cloud.,Backend
Introdução ao PWA com foco em escalabilidade.,Frontend
Conceitos avançados sobre React com foco em segurança.,Frontend
Como implementar NLP com foco em segurança.,DataScience
Boas práticas para React em aplicações web modernas.,Frontend
Desmistificando Terraform com foco em escalabilidade.,DevOps
Introdução ao Jenkins em sistemas corporativos.,DevOps
Conceitos avançados sobre Maven com foco em segurança.,Backend
Conceitos avançados sobre Ansible em aplicações web modernas.,DevOps
Estratégias eficientes para PWA em aplicações web modernas.,Frontend
Como implementar Classificação em aplicações web modernas.,DataScience
Como implementar Kubernetes em sistemas corporativos.,DevOps
Como implementar CQRS com foco em escalabilidade.,Backend
Boas práticas para CI/CD com foco em segurança.,DevOps
Introdução ao Classificação em sistemas corporativos.,DataScience
Como implementar Deep Learning com foco em segurança.,DataScience
Desmistificando Terraform para ambientes cloud.,DevOps
Desmistificando Kubernetes em sistemas corporativos.,DevOps
Introdução ao React com foco em escalabilidade.,Frontend
Domine Séries Temporais para ambientes cloud.,DataScience
Guia prático para Vue.js em sistemas corporativos.,Frontend
Introdução ao TensorFlow em sistemas corporativos.,DataScience
Domine Vue.js em aplicações web modernas.,Frontend
Guia prático para Deep Learning com foco em segurança.,DataScience
Conceitos avançados sobre Tailwind em aplicações web modernas.,Frontend
Boas práticas para WebSockets em sistemas corporativos.,Frontend
Guia prático para NLP com foco em escalabilidade.,DataScience
Como implementar API REST para ambientes cloud.,Backend
Introdução ao React com foco em escalabilidade.,Frontend
Boas práticas para Kafka com foco em segurança.,Backend
Estratégias eficientes para WebSockets com foco em segurança.,Frontend
Como implementar UX/UI com foco em segurança.,Frontend
Guia prático para CSS com foco em segurança.,Frontend
Como implementar Hibernate em sistemas corporativos.,Backend
Estratégias eficientes para Maven em sistemas corporativos.,Backend
Introdução ao Web Components com foco em escalabilidade.,Frontend
Guia prático para Ansible para ambientes cloud.,DevOps
Introdução ao Terraform em aplicações web modernas.,DevOps
Estratégias eficientes para Azure com foco em segurança.,DevOps
Como implementar PyTorch para ambientes cloud.,DataScience
Conceitos avançados sobre Matplotlib em aplicações web modernas.,DataScience
Domine Deep Learning em sistemas corporativos.,DataScience
Introdução ao PWA em aplicações web modernas.,Frontend
Guia prático para Kubernetes em aplicações web modernas.,DevOps
Estratégias eficientes para Classificação com foco em escalabilidade.,DataScience
Conceitos avançados sobre NLP com foco em segurança.,DataScience
Domine Tailwind em aplicações web modernas.,Frontend
Estratégias eficientes para Azure para ambientes cloud.,DevOps
Estratégias eficientes para Next.js para times ágeis.,Frontend
Domine Node.js com foco em segurança.,Backend
Boas práticas para Deep Learning para ambientes cloud.,DataScience
Estratégias eficientes para Azure para times ágeis.,DevOps
Introdução ao Terraform com foco em escalabilidade.,DevOps
Introdução ao UX/UI para ambientes cloud.,Frontend
Desmistificando SQL em aplicações web modernas.,Backend
Domine Prometheus em aplicações web modernas.,DevOps
Estratégias eficientes para Scikit-learn para ambientes cloud.,DataScience
Introdução ao Spring Boot para ambientes cloud.,Backend
Estratégias eficientes para Deep Learning com foco em segurança.,DataScience
Conceitos avançados sobre NumPy para times ágeis.,DataScience
Como implementar CI/CD para ambientes cloud.,DevOps
Domine Vue.js para ambientes cloud.,Frontend
Boas práticas para PWA em aplicações web modernas.,Frontend
Introdução ao OAuth2 em sistemas corporativos.,Backend
Conceitos avançados sobre Linux em sistemas corporativos.,DevOps
Domine OAuth2 com foco em escalabilidade.,Backend
Desmistificando Terraform com foco em escalabilidade.,DevOps
Guia prático para Event-Driven para ambientes cloud.,Backend
Estratégias eficientes para Vue.js com foco em segurança.,Frontend
Domine Regressão com foco em segurança.,DataScience
Estratégias eficientes para Scikit-learn com foco em segurança.,DataScience
Boas práticas para Microsserviços com foco em segurança.,Backend
Domine Classificação em sistemas corporativos.,DataScience
Guia prático para Regressão para times ágeis.,DataScience
Domine React em sistemas corporativos.,Frontend
Guia prático para AWS para times ágeis.,DevOps
Como implementar Clusterização para times ágeis.,DataScience
Estratégias eficientes para Séries Temporais com foco em escalabilidade.,DataScience
Estratégias eficientes para OAuth2 em aplicações web modernas.,Backend
Guia prático para Azure para ambientes cloud.,DevOps
Como implementar PWA com foco em escalabilidade.,Frontend
Boas práticas para Linux em sistemas corporativos.,DevOps
Desmistificando Hibernate com foco em segurança.,Backend
Guia prático para JWT para ambientes cloud.,Backend
Como implementar Microsserviços com foco em escalabilidade.,Backend
Estratégias eficientes para JWT em sistemas corporativos.,Backend
Estratégias eficientes para TypeScript com foco em segurança.,Frontend
Desmistificando Scikit-learn com foco em escalabilidade.,DataScience
Como implementar UX/UI com foco em segurança.,Frontend
Como implementar TypeScript para ambientes cloud.,Frontend
Boas práticas para SQL com foco em escalabilidade.,Backend
Guia prático para SQL para times ágeis.,Backend
Estratégias eficientes para CQRS com foco em escalabilidade.,Backend
Introdução ao Maven com foco em escalabilidade.,Backend
Desmistificando Azure para times ágeis.,DevOps
Como implementar Maven com foco em escalabilidade.,Backend
Domine Séries Temporais com foco em escalabilidade.,DataScience
Desmistificando TensorFlow em sistemas corporativos.,DataScience
Estratégias eficientes para Ansible com foco em segurança.,DevOps
Estratégias eficientes para Redux para ambientes cloud.,Frontend
Introdução ao Grafana em aplicações web modernas.,DevOps
Domine Ansible com foco em segurança.,DevOps
Estratégias eficientes para Web Components com foco em segurança.,Frontend
Boas práticas para SQL com foco em escalabilidade.,Backend
Guia prático para AWS em sistemas corporativos.,DevOps
Conceitos avançados sobre Vue.js para ambientes cloud.,Frontend
Domine Hibernate em sistemas corporativos.,Backend
Guia prático para Maven para times ágeis.,Backend
Domine Ansible em aplicações web modernas.,DevOps
Estratégias eficientes para Matplotlib em sistemas corporativos.,DataScience
Domine Linux para ambientes cloud.,DevOps
Introdução ao PWA para ambientes cloud.,Frontend
Guia prático para Regressão para times ágeis.,DataScience
Como implementar JWT com foco em escalabilidade.,Backend
Estratégias eficientes para React em aplicações web modernas.,Frontend
Conceitos avançados sobre Infraestrutura para times ágeis.,DevOps
Introdução ao AWS em aplicações web modernas.,DevOps
Estratégias eficientes para Spring Boot para ambientes cloud.,Backend
Introdução ao Clusterização em aplicações web modernas.,DataScience
Estratégias eficientes para Prometheus em aplicações web modernas.,DevOps
Como implementar API REST em aplicações web modernas.,Backend
Guia prático para Microsserviços em sistemas corporativos.,Backend
Conceitos avançados sobre Scikit-learn em sistemas corporativos.,DataScience
Estratégias eficientes para Maven com foco em escalabilidade.,Backend
Boas práticas para Linux em aplicações web modernas.,DevOps
Conceitos avançados sobre Angular em aplicações web modernas.,Frontend
Guia prático para Redux com foco em escalabilidade.,Frontend
Introdução ao JWT para times ágeis.,Backend
Desmistificando Azure com foco em segurança.,DevOps
Boas práticas para CSS em sistemas corporativos.,Frontend
Domine WebSockets para times ágeis.,Frontend
Boas práticas para Redux para ambientes cloud.,Frontend
Introdução ao Docker em sistemas corporativos.,DevOps
Boas práticas para React para ambientes cloud.,Frontend
Domine PyTorch em sistemas corporativos.,DataScience
Guia prático para TensorFlow com foco em escalabilidade.,DataScience
Guia prático para Tailwind para ambientes cloud.,Frontend
Boas práticas para Prometheus para ambientes cloud.,DevOps
Guia prático para Deep Learning com foco em segurança.,DataScience
Conceitos avançados sobre Vue.js para times ágeis.,Frontend
Guia prático para Grafana com foco em segurança.,DevOps
Guia prático para Azure com foco em segurança.,DevOps
Como implementar Scikit-learn para ambientes cloud.,DataScience
Desmistificando Deep Learning para times ágeis.,DataScience
Introdução ao Web Components em sistemas corporativos.,Frontend
Conceitos avançados sobre React com foco em segurança.,Frontend
Introdução ao Event-Driven com foco em segurança.,Backend
Como implementar Microsserviços em sistemas corporativos.,Backend
Como implementar Pandas para ambientes cloud.,DataScience
Domine Infraestrutura para times ágeis.,DevOps
Conceitos avançados sobre Classificação com foco em segurança.,DataScience
Como implementar CQRS em sistemas corporativos.,Backend
Como implementar Redux com foco em escalabilidade.,Frontend
Como implementar AWS com foco em escalabilidade.,DevOps
Domine CSS em sistemas corporativos.,Frontend
Introdução ao AWS para times ágeis.,DevOps
Boas práticas para NumPy em aplicações web modernas.,DataScience
Como implementar Scikit-learn para ambientes cloud.,DataScience
Desmistificando CI/CD em sistemas corporativos.,DevOps
Boas práticas para Scikit-learn com foco em segurança.,DataScience
Desmistificando Spring Boot para times ágeis.,Backend
Domine Event-Driven para ambientes cloud.,Backend
Introdução ao CQRS para ambientes cloud.,Backend
Desmistificando Microsserviços com foco em escalabilidade.,Backend
Conceitos avançados sobre JWT para times ágeis.,Backend
Guia prático para CI/CD para ambientes cloud.,DevOps
Introdução ao Infraestrutura para times ágeis.,DevOps
Boas práticas para Grafana com foco em segurança.,DevOps
Estratégias eficientes para Redux para times ágeis.,Frontend
Guia prático para Kafka para times ágeis.,Backend
Como implementar Grafana com foco em segurança.,DevOps
Guia prático para Hibernate em aplicações web modernas.,Backend
Boas práticas para Spring Boot com foco em escalabilidade.,Backend
Boas práticas para OAuth2 com foco em segurança.,Backend
Boas práticas para Prometheus para times ágeis.,DevOps
Boas práticas para CQRS em sistemas corporativos.,Backend
Introdução ao Clusterização para ambientes cloud.,DataScience
Guia prático para Ansible com foco em segurança.,DevOps
Domine TensorFlow com foco em escalabilidade.,DataScience
Estratégias eficientes para Spring Boot com foco em escalabilidade.,Backend
Domine Pandas com foco em segurança.,DataScience
Como implementar NLP em sistemas corporativos.,DataScience
Como implementar Séries Temporais com foco em escalabilidade.,DataScience
Como implementar JWT com foco em escalabilidade.,Backend
Guia prático para React com foco em segurança.,Frontend
Introdução ao PWA com foco em escalabilidade.,Frontend
Domine Scikit-learn para ambientes cloud.,DataScience
Guia prático para Maven com foco em escalabilidade.,Backend
Domine Hibernate com foco em escalabilidade.,Backend
Como implementar Web Components com foco em segurança.,Frontend
Como implementar Classificação em sistemas corporativos.,DataScience
Como implementar Scikit-learn em aplicações web modernas.,DataScience
Boas práticas para Ansible em aplicações web modernas.,DevOps
Guia prático para API REST para times ágeis.,Backend
Domine Docker com foco em segurança.,DevOps
Como implementar Terraform para ambientes cloud.,DevOps
Estratégias eficientes para Tailwind para ambientes cloud.,Frontend
Introdução ao Node.js em aplicações web modernas.,Backend
Domine PyTorch em sistemas corporativos.,DataScience
Boas práticas para PyTorch com foco em escalabilidade.,DataScience
Introdução ao Linux com foco em segurança.,DevOps
Como implementar Grafana com foco em segurança.,DevOps
Domine CI/CD em aplicações web modernas.,DevOps
Boas práticas para WebSockets com foco em escalabilidade.,Frontend
Conceitos avançados sobre Clusterização com foco em segurança.,DataScience
Como implementar Séries Temporais para ambientes cloud.,DataScience
Conceitos avançados sobre WebSockets para ambientes cloud.,Frontend
Conceitos avançados sobre Clusterização com foco em escalabilidade.,DataScience
Desmistificando JWT para ambientes cloud.,Backend
Boas práticas para Event-Driven com foco em escalabilidade.,Backend
Domine TensorFlow para times ágeis.,DataScience
Guia prático para CQRS com foco em escalabilidade.,Backend
Como implementar NLP para ambientes cloud.,DataScience
Conceitos avançados sobre Terraform em sistemas corporativos.,DevOps
Guia prático para JWT com foco em escalabilidade.,Backend
Introdução ao CI/CD para times ágeis.,DevOps
Como implementar Matplotlib com foco em segurança.,DataScience
Conceitos avançados sobre Jenkins em sistemas corporativos.,DevOps
Desmistificando Angular para times ágeis.,Frontend
Desmistificando Node.js em sistemas corporativos.,Backend
Desmistificando PWA em sistemas corporativos.,Frontend
Boas práticas para AWS para times ágeis.,DevOps
Boas práticas para Regressão em sistemas corporativos.,DataScience
Desmistificando Deep Learning com foco em segurança.,DataScience
Guia prático para Node.js em sistemas corporativos.,Backend
Introdução ao API REST com foco em escalabilidade.,Backend
Boas práticas para Azure em aplicações web modernas.,DevOps
Como implementar React com foco em escalabilidade.,Frontend
Desmistificando Docker para times ágeis.,DevOps
Introdução ao Maven com foco em escalabilidade.,Backend
Estratégias eficientes para Event-Driven em aplicações web modernas.,Backend
Introdução ao Prometheus em aplicações web modernas.,DevOps
Estratégias eficientes para TensorFlow para ambientes cloud.,DataScience
